pid,name,status,created,cpu_percent,memory_percent,num_threads,num_fds,username,nice,ionice,cmdline,exe,cwd
1722,sway,sleeping,1748139817.65,0.0,0.6435140521765956,8,207,jack,0,"pionice(ioclass=<IOPriority.IOPRIO_CLASS_NONE: 0>, value=0)",sway,/usr/bin/sway,/home/jack
2098,waybar,sleeping,1748139818.17,0.0,0.2176700181075968,23,45,jack,0,"pionice(ioclass=<IOPriority.IOPRIO_CLASS_NONE: 0>, value=0)",waybar -b bar-0,/usr/bin/waybar,/home/jack
2100,polkit-gnome-authentication-agent-1,sleeping,1748139818.17,0.0,0.07113391245005835,5,14,jack,0,"pionice(ioclass=<IOPriority.IOPRIO_CLASS_NONE: 0>, value=0)",/usr/lib/polkit-gnome/polkit-gnome-authentication-agent-1,/usr/lib/polkit-gnome/polkit-gnome-authentication-agent-1,/home/jack
2106,swayidle,sleeping,1748139818.18,0.0,0.01071375371675615,1,12,jack,0,"pionice(ioclass=<IOPriority.IOPRIO_CLASS_NONE: 0>, value=0)",swayidle idlehint 1,/usr/bin/swayidle,/home/jack
2108,swayidle,sleeping,1748139818.18,0.0,0.010135629233762421,1,13,jack,0,"pionice(ioclass=<IOPriority.IOPRIO_CLASS_NONE: 0>, value=0)",swayidle -w before-sleep gtklock -d,/usr/bin/swayidle,/home/jack
2110,mako,sleeping,1748139818.18,0.0,0.069817756712179,2,8,jack,0,"pionice(ioclass=<IOPriority.IOPRIO_CLASS_NONE: 0>, value=0)",mako,/usr/bin/mako,/home/jack
2111,dbus-broker-launch,sleeping,1748139818.18,0.0,0.01067685215401187,1,15,jack,0,"pionice(ioclass=<IOPriority.IOPRIO_CLASS_NONE: 0>, value=0)",/usr/bin/dbus-broker-launch --scope user,/usr/bin/dbus-broker-launch,/home/jack
2113,foot,sleeping,1748139818.18,0.0,0.18239212412406453,41,28,jack,0,"pionice(ioclass=<IOPriority.IOPRIO_CLASS_NONE: 0>, value=0)",foot --server,/usr/bin/foot,/
2115,autotiling,sleeping,1748139818.18,0.0,0.06411031500773026,1,5,jack,0,"pionice(ioclass=<IOPriority.IOPRIO_CLASS_NONE: 0>, value=0)",/usr/bin/python /usr/bin/autotiling,/usr/bin/python3.13,/home/jack
2119,wl-paste,sleeping,1748139818.19,0.0,0.004760301594012205,1,4,jack,0,"pionice(ioclass=<IOPriority.IOPRIO_CLASS_NONE: 0>, value=0)",wl-paste --type text --watch cliphist store,/usr/bin/wl-paste,/home/jack
2124,wl-paste,sleeping,1748139818.19,0.0,0.005756643788107783,1,4,jack,0,"pionice(ioclass=<IOPriority.IOPRIO_CLASS_NONE: 0>, value=0)",wl-paste --type image --watch cliphist store,/usr/bin/wl-paste,/home/jack
2129,nwg-drawer,sleeping,1748139818.19,0.0,0.19117469605720333,39,17,jack,0,"pionice(ioclass=<IOPriority.IOPRIO_CLASS_NONE: 0>, value=0)",nwg-drawer -r -c 7 -is 90 -mb 10 -ml 50 -mr 50 -mt 10,/usr/bin/nwg-drawer,/home/jack
2131,swayrd,sleeping,1748139818.19,0.0,0.013309163629770557,3,5,jack,0,"pionice(ioclass=<IOPriority.IOPRIO_CLASS_NONE: 0>, value=0)",swayrd,/usr/bin/swayrd,/home/jack
2133,python3,sleeping,1748139818.19,0.0,0.04521671488265857,1,5,jack,0,"pionice(ioclass=<IOPriority.IOPRIO_CLASS_NONE: 0>, value=0)",python3 /home/jack/.config/sway/scripts/swayfader.py,/usr/bin/python3.13,/home/jack
2157,dbus-broker,sleeping,1748139818.2,0.0,0.0073926130697708915,1,97,jack,0,"pionice(ioclass=<IOPriority.IOPRIO_CLASS_NONE: 0>, value=0)",dbus-broker --log 4 --controller 10 --machine-id 32c38c5b3a0e4fbfa4c2f1d82e975059 --max-bytes 100000000000000 --max-fds 25000000000000 --max-matches 5000000000,/usr/bin/dbus-broker,/home/jack
2178,dconf-service,sleeping,1748139818.21,0.0,0.01644579646303441,4,7,jack,0,"pionice(ioclass=<IOPriority.IOPRIO_CLASS_NONE: 0>, value=0)",/usr/lib/dconf-service,/usr/lib/dconf-service,/home/jack
2205,firewall-applet,sleeping,1748139818.22,0.0,0.25542031679499594,8,25,jack,0,"pionice(ioclass=<IOPriority.IOPRIO_CLASS_NONE: 0>, value=0)",/usr/bin/python /usr/bin/firewall-applet,/usr/bin/python3.13,/home/jack
2210,garuda-system-maintenance,sleeping,1748139818.22,0.0,0.22321755304015367,9,29,jack,0,"pionice(ioclass=<IOPriority.IOPRIO_CLASS_NONE: 0>, value=0)",/usr/bin/garuda-system-maintenance,/usr/bin/garuda-system-maintenance,/home/jack
2211,blueberry-tray,sleeping,1748139818.22,0.0,0.14638849940656137,6,18,jack,0,"pionice(ioclass=<IOPriority.IOPRIO_CLASS_NONE: 0>, value=0)",blueberry-tray                                       ,/usr/bin/python3.13,/home/jack
2222,nm-applet,sleeping,1748139818.22,0.0,0.11954876277055455,5,16,jack,0,"pionice(ioclass=<IOPriority.IOPRIO_CLASS_NONE: 0>, value=0)",nm-applet,/usr/bin/nm-applet,/home/jack
2227,swaybg,sleeping,1748139818.22,0.0,0.02649532205039351,1,4,jack,0,"pionice(ioclass=<IOPriority.IOPRIO_CLASS_NONE: 0>, value=0)",swaybg -i /usr/share/wallpapers/garuda-wallpapers/Garuda Broadwing.png -m fill,/usr/bin/swaybg,/home/jack
2229,flameshot,sleeping,1748139818.22,0.0,0.17394166625562427,10,30,jack,0,"pionice(ioclass=<IOPriority.IOPRIO_CLASS_NONE: 0>, value=0)",flameshot,/usr/bin/flameshot,/home/jack
2267,at-spi-bus-launcher,sleeping,1748139818.23,0.0,0.02126760066162042,5,11,jack,0,"pionice(ioclass=<IOPriority.IOPRIO_CLASS_NONE: 0>, value=0)",/usr/lib/at-spi-bus-launcher,/usr/lib/at-spi-bus-launcher,/home/jack
2286,dbus-broker-launch,sleeping,1748139818.26,0.0,0.010861359967733273,1,15,jack,0,"pionice(ioclass=<IOPriority.IOPRIO_CLASS_NONE: 0>, value=0)",/usr/bin/dbus-broker-launch --config-file=/usr/share/defaults/at-spi2/accessibility.conf --scope user,/usr/bin/dbus-broker-launch,/home/jack
2289,dbus-broker,sleeping,1748139818.26,0.0,0.006814488586777161,1,27,jack,0,"pionice(ioclass=<IOPriority.IOPRIO_CLASS_NONE: 0>, value=0)",dbus-broker --log 4 --controller 9 --machine-id 32c38c5b3a0e4fbfa4c2f1d82e975059 --max-bytes 100000000000000 --max-fds 6400000 --max-matches 5000000000,/usr/bin/dbus-broker,/home/jack
2290,gvfsd,sleeping,1748139818.26,0.0,0.030234680408480617,4,9,jack,0,"pionice(ioclass=<IOPriority.IOPRIO_CLASS_NONE: 0>, value=0)",/usr/lib/gvfsd,/usr/lib/gvfsd,/home/jack
2296,gvfsd-fuse,sleeping,1748139818.27,0.0,0.01853688501854365,7,10,jack,0,"pionice(ioclass=<IOPriority.IOPRIO_CLASS_NONE: 0>, value=0)",/usr/lib/gvfsd-fuse /run/user/1000/gvfs -f,/usr/lib/gvfsd-fuse,/
2323,xdg-desktop-portal,sleeping,1748139818.29,0.0,0.03708607055800206,5,11,jack,0,"pionice(ioclass=<IOPriority.IOPRIO_CLASS_NONE: 0>, value=0)",/usr/lib/xdg-desktop-portal,/usr/lib/xdg-desktop-portal,/home/jack
2345,xdg-permission-store,sleeping,1748139818.31,0.0,0.01626128864931301,4,7,jack,0,"pionice(ioclass=<IOPriority.IOPRIO_CLASS_NONE: 0>, value=0)",/usr/lib/xdg-permission-store,/usr/lib/xdg-permission-store,/home/jack
2350,at-spi2-registryd,sleeping,1748139818.32,0.0,0.020185154821121522,4,9,jack,0,"pionice(ioclass=<IOPriority.IOPRIO_CLASS_NONE: 0>, value=0)",/usr/lib/at-spi2-registryd --use-gnome-session,/usr/lib/at-spi2-registryd,/home/jack
2351,xdg-document-portal,sleeping,1748139818.32,0.0,0.019853040756422993,7,13,jack,0,"pionice(ioclass=<IOPriority.IOPRIO_CLASS_NONE: 0>, value=0)",/usr/lib/xdg-document-portal,/usr/lib/xdg-document-portal,/home/jack
2447,waybar-module-pacman-updates,sleeping,1748139818.39,0.0,0.006408571396590074,1,4,jack,0,"pionice(ioclass=<IOPriority.IOPRIO_CLASS_NONE: 0>, value=0)",waybar-module-pacman-updates --no-zero-output --interval-seconds 5 --network-interval-seconds 300 --tooltip-align-columns,/usr/bin/waybar-module-pacman-updates,/home/jack
2468,pipewire,sleeping,1748139818.4,0.0,0.04339623778727405,2,54,jack,-11,"pionice(ioclass=<IOPriority.IOPRIO_CLASS_NONE: 0>, value=0)",/usr/bin/pipewire,/usr/bin/pipewire,/home/jack
2471,wireplumber,sleeping,1748139818.4,0.0,0.05935001341371806,5,40,jack,-11,"pionice(ioclass=<IOPriority.IOPRIO_CLASS_NONE: 0>, value=0)",/usr/bin/wireplumber,/usr/bin/wireplumber,/home/jack
2493,safechild,sleeping,1748139818.41,0.0,0.009422199020706328,1,4,jack,0,"pionice(ioclass=<IOPriority.IOPRIO_CLASS_NONE: 0>, value=0)",/bin/sh /usr/lib/blueberry/safechild /usr/sbin/rfkill event,/usr/bin/bash,/home/jack
2497,rfkill,sleeping,1748139818.41,0.0,0.005695141183533981,1,4,jack,0,"pionice(ioclass=<IOPriority.IOPRIO_CLASS_NONE: 0>, value=0)",/usr/sbin/rfkill event,/usr/bin/rfkill,/home/jack
2984,librewolf,sleeping,1748139840.88,0.0,2.453215891239778,124,220,jack,0,"pionice(ioclass=<IOPriority.IOPRIO_CLASS_NONE: 0>, value=0)",/usr/lib/librewolf/librewolf,/usr/lib/librewolf/librewolf,/home/jack
3035,Socket Process,sleeping,1748139841.28,0.0,0.14290745198768423,6,24,jack,0,"pionice(ioclass=<IOPriority.IOPRIO_CLASS_NONE: 0>, value=0)",/usr/lib/librewolf/librewolf -contentproc -parentBuildID 20250518144025 -prefsHandle 0:30549 -prefMapHandle 1:269701 -sandboxReporter 2 -chrootClient 3 -ipcHandle 4 -initialChannelId {ec52a82f-d214-4d48-a415-098e05f01634} -parentPid 2984 -appDir /usr/lib/librewolf/browser 1 socket,/usr/lib/librewolf/librewolf,/proc/3036/fdinfo
3081,Privileged Cont,sleeping,1748139841.52,0.0,0.5695879214788867,28,53,jack,0,"pionice(ioclass=<IOPriority.IOPRIO_CLASS_NONE: 0>, value=0)",/usr/lib/librewolf/librewolf -contentproc -isForBrowser -prefsHandle 0:31124 -prefMapHandle 1:269701 -jsInitHandle 2:247720 -parentBuildID 20250518144025 -sandboxReporter 3 -chrootClient 4 -ipcHandle 5 -initialChannelId {bf6770e1-95e2-40d7-b930-c84ea4d14ebd} -parentPid 2984 -greomni /usr/lib/librewolf/omni.ja -appomni /usr/lib/librewolf/browser/omni.ja -appDir /usr/lib/librewolf/browser 2 tab,/usr/lib/librewolf/librewolf,/proc/3084/fdinfo
3087,RDD Process,sleeping,1748139841.52,0.0,0.16274819222319245,5,23,jack,0,"pionice(ioclass=<IOPriority.IOPRIO_CLASS_NONE: 0>, value=0)",/usr/lib/librewolf/librewolf -contentproc -parentBuildID 20250518144025 -prefsHandle 0:31124 -prefMapHandle 1:269701 -sandboxReporter 2 -chrootClient 3 -ipcHandle 4 -initialChannelId {ec2bcd6e-b7c3-4ea5-b37e-d445250cda93} -parentPid 2984 -appDir /usr/lib/librewolf/browser 3 rdd,/usr/lib/librewolf/librewolf,/proc/3090/fdinfo
3143,WebExtensions,sleeping,1748139841.92,0.0,1.2115398074993078,28,54,jack,0,"pionice(ioclass=<IOPriority.IOPRIO_CLASS_NONE: 0>, value=0)",/usr/lib/librewolf/librewolf -contentproc -isForBrowser -prefsHandle 0:38497 -prefMapHandle 1:269701 -jsInitHandle 2:247720 -parentBuildID 20250518144025 -sandboxReporter 3 -chrootClient 4 -ipcHandle 5 -initialChannelId {eaf31cc1-dd56-488e-8ba3-511427732e3d} -parentPid 2984 -greomni /usr/lib/librewolf/omni.ja -appomni /usr/lib/librewolf/browser/omni.ja -appDir /usr/lib/librewolf/browser 4 tab,/usr/lib/librewolf/librewolf,/proc/3145/fdinfo
3201,Utility Process,sleeping,1748139842.07,0.0,0.15248955778028242,5,23,jack,0,"pionice(ioclass=<IOPriority.IOPRIO_CLASS_NONE: 0>, value=0)",/usr/lib/librewolf/librewolf -contentproc -parentBuildID 20250518144025 -sandboxingKind 0 -prefsHandle 0:38551 -prefMapHandle 1:269701 -sandboxReporter 2 -chrootClient 3 -ipcHandle 4 -initialChannelId {b74f95d7-ab6c-46e5-a657-8fb14870406c} -parentPid 2984 -appDir /usr/lib/librewolf/browser 5 utility,/usr/lib/librewolf/librewolf,/proc/3204/fdinfo
3218,Isolated Web Co,sleeping,1748139842.55,0.0,0.8263981971372505,31,52,jack,0,"pionice(ioclass=<IOPriority.IOPRIO_CLASS_NONE: 0>, value=0)",/usr/lib/librewolf/librewolf -contentproc -isForBrowser -prefsHandle 0:34943 -prefMapHandle 1:269701 -jsInitHandle 2:247720 -parentBuildID 20250518144025 -sandboxReporter 3 -chrootClient 4 -ipcHandle 5 -initialChannelId {699f53be-82e0-4d8f-b286-a38c90564b11} -parentPid 2984 -greomni /usr/lib/librewolf/omni.ja -appomni /usr/lib/librewolf/browser/omni.ja -appDir /usr/lib/librewolf/browser 6 tab,/usr/lib/librewolf/librewolf,/proc/3220/fdinfo
3227,Isolated Web Co,sleeping,1748139842.57,0.0,1.6223157034477254,37,59,jack,0,"pionice(ioclass=<IOPriority.IOPRIO_CLASS_NONE: 0>, value=0)",/usr/lib/librewolf/librewolf -contentproc -isForBrowser -prefsHandle 0:34943 -prefMapHandle 1:269701 -jsInitHandle 2:247720 -parentBuildID 20250518144025 -sandboxReporter 3 -chrootClient 4 -ipcHandle 5 -initialChannelId {b3bb6d59-6a7d-468c-9688-e859a9114920} -parentPid 2984 -greomni /usr/lib/librewolf/omni.ja -appomni /usr/lib/librewolf/browser/omni.ja -appDir /usr/lib/librewolf/browser 8 tab,/usr/lib/librewolf/librewolf,/proc/3231/fdinfo
3496,pipewire-pulse,sleeping,1748139845.81,0.0,0.03025928145031014,2,24,jack,-11,"pionice(ioclass=<IOPriority.IOPRIO_CLASS_NONE: 0>, value=0)",/usr/bin/pipewire-pulse,/usr/bin/pipewire,/home/jack
3733,Isolated Web Co,sleeping,1748139863.23,0.0,1.5842947933002016,31,52,jack,0,"pionice(ioclass=<IOPriority.IOPRIO_CLASS_NONE: 0>, value=0)",/usr/lib/librewolf/librewolf -contentproc -isForBrowser -prefsHandle 0:34943 -prefMapHandle 1:269701 -jsInitHandle 2:247720 -parentBuildID 20250518144025 -sandboxReporter 3 -chrootClient 4 -ipcHandle 5 -initialChannelId {fa5c5884-6fba-4bfe-a606-daab8225300a} -parentPid 2984 -greomni /usr/lib/librewolf/omni.ja -appomni /usr/lib/librewolf/browser/omni.ja -appDir /usr/lib/librewolf/browser 16 tab,/usr/lib/librewolf/librewolf,/proc/3736/fdinfo
4062,Isolated Web Co,sleeping,1748139897.65,0.0,0.9143100201150419,27,51,jack,0,"pionice(ioclass=<IOPriority.IOPRIO_CLASS_NONE: 0>, value=0)",/usr/lib/librewolf/librewolf -contentproc -isForBrowser -prefsHandle 0:34943 -prefMapHandle 1:269701 -jsInitHandle 2:247720 -parentBuildID 20250518144025 -sandboxReporter 3 -chrootClient 4 -ipcHandle 5 -initialChannelId {30408e15-0213-4912-aa30-351152b519c7} -parentPid 2984 -greomni /usr/lib/librewolf/omni.ja -appomni /usr/lib/librewolf/browser/omni.ja -appDir /usr/lib/librewolf/browser 21 tab,/usr/lib/librewolf/librewolf,/proc/4064/fdinfo
4499,Xwayland,sleeping,1748139926.07,0.0,0.3522500174359884,5,31,jack,0,"pionice(ioclass=<IOPriority.IOPRIO_CLASS_NONE: 0>, value=0)",Xwayland :0 -rootless -core -terminate 10 -listenfd 38 -listenfd 39 -displayfd 178 -wm 160,/usr/bin/Xwayland,/home/jack
4690,Isolated Web Co,sleeping,1748139957.83,0.0,0.4386242752994347,27,52,jack,0,"pionice(ioclass=<IOPriority.IOPRIO_CLASS_NONE: 0>, value=0)",/usr/lib/librewolf/librewolf -contentproc -isForBrowser -prefsHandle 0:34943 -prefMapHandle 1:269701 -jsInitHandle 2:247720 -parentBuildID 20250518144025 -sandboxReporter 3 -chrootClient 4 -ipcHandle 5 -initialChannelId {f6d55080-5a7a-4d33-915c-e447af0e75cc} -parentPid 2984 -greomni /usr/lib/librewolf/omni.ja -appomni /usr/lib/librewolf/browser/omni.ja -appDir /usr/lib/librewolf/browser 28 tab,/usr/lib/librewolf/librewolf,/proc/4693/fdinfo
4956,codium,sleeping,1748139978.24,0.0,0.6869348910056993,41,158,jack,-8,"pionice(ioclass=<IOPriority.IOPRIO_CLASS_NONE: 0>, value=0)",/usr/share/vscodium/codium,/usr/share/vscodium/codium,/home/jack
4959,codium,sleeping,1748139978.27,0.0,0.17753341836273423,1,12,jack,0,"pionice(ioclass=<IOPriority.IOPRIO_CLASS_NONE: 0>, value=0)",/usr/share/vscodium/codium --type=zygote --no-zygote-sandbox,/usr/share/vscodium/codium,/home/jack
4960,codium,sleeping,1748139978.27,0.0,0.17852976055682981,1,12,jack,0,"pionice(ioclass=<IOPriority.IOPRIO_CLASS_NONE: 0>, value=0)",/usr/share/vscodium/codium --type=zygote,/usr/share/vscodium/codium,/proc/4961/fdinfo
4962,codium,sleeping,1748139978.29,0.0,0.045585730510101376,1,13,jack,0,"pionice(ioclass=<IOPriority.IOPRIO_CLASS_NONE: 0>, value=0)",/usr/share/vscodium/codium --type=zygote,/usr/share/vscodium/codium,/proc/4961/fdinfo
4991,codium,sleeping,1748139978.5,0.0,0.6866273779828301,30,63,jack,-8,"pionice(ioclass=<IOPriority.IOPRIO_CLASS_NONE: 0>, value=0)","/usr/share/vscodium/codium --type=gpu-process --enable-crash-reporter=83a8b34c-ad93-4caf-946b-a05888ac25c4,no_channel --user-data-dir=/home/jack/.config/VSCodium --gpu-preferences=UAAAAAAAAAAgAAAEAAAAAAAAAAAAAAAAAABgAAEAAAAAAAAAAAAAAAAAAAAAAAAAAAAAAAAAAAAAAAAAAQAAABAAAAAAAAAAEAAAAAAAAAAIAAAAAAAAAAgAAAAAAAAA --shared-files --field-trial-handle=3,i,17978837922271611604,5895793445154612749,262144 --enable-features=DocumentPolicyIncludeJSCallStacksInCrashReports,EarlyEstablishGpuChannel,EstablishGpuChannelAsync --disable-features=CalculateNativeWinOcclusion,SpareRendererForSitePerProcess --variations-seed-version",/usr/share/vscodium/codium,/home/jack
4995,codium,sleeping,1748139978.51,0.0,0.2434396094240195,9,24,jack,0,"pionice(ioclass=<IOPriority.IOPRIO_CLASS_NONE: 0>, value=0)","/usr/share/vscodium/codium --type=utility --utility-sub-type=network.mojom.NetworkService --lang=en-US --service-sandbox-type=none --enable-crash-reporter=83a8b34c-ad93-4caf-946b-a05888ac25c4,no_channel --user-data-dir=/home/jack/.config/VSCodium --standard-schemes=vscode-webview,vscode-file --enable-sandbox --secure-schemes=vscode-webview,vscode-file --cors-schemes=vscode-webview,vscode-file --fetch-schemes=vscode-webview,vscode-file --service-worker-schemes=vscode-webview --code-cache-schemes=vscode-webview,vscode-file --shared-files=v8_context_snapshot_data:100 --field-trial-handle=3,i,17978837922271611604,5895793445154612749,262144 --enable-features=DocumentPolicyIncludeJSCallStacksInCrashReports,EarlyEstablishGpuChannel,EstablishGpuChannelAsync --disable-features=CalculateNativeWinOcclusion,SpareRendererForSitePerProcess --variations-seed-version",/usr/share/vscodium/codium,/home/jack
5013,codium,sleeping,1748139978.62,0.0,0.975763422605184,30,42,jack,-8,"pionice(ioclass=<IOPriority.IOPRIO_CLASS_NONE: 0>, value=0)","/usr/share/vscodium/codium --type=renderer --enable-crash-reporter=83a8b34c-ad93-4caf-946b-a05888ac25c4,no_channel --user-data-dir=/home/jack/.config/VSCodium --standard-schemes=vscode-webview,vscode-file --enable-sandbox --secure-schemes=vscode-webview,vscode-file --cors-schemes=vscode-webview,vscode-file --fetch-schemes=vscode-webview,vscode-file --service-worker-schemes=vscode-webview --code-cache-schemes=vscode-webview,vscode-file --app-path=/usr/share/vscodium/resources/app --enable-sandbox --enable-blink-features=HighlightAPI --js-flags=--nodecommit_pooled_pages --disable-blink-features=FontMatchingCTMigration,StandardizedBrowserZoom, --lang=en-US --num-raster-threads=4 --enable-main-frame-before-activation --renderer-client-id=4 --time-ticks-at-unix-epoch=-1748139798599823 --launch-time-ticks=180621399 --shared-files=v8_context_snapshot_data:100 --field-trial-handle=3,i,17978837922271611604,5895793445154612749,262144 --enable-features=DocumentPolicyIncludeJSCallStacksInCrashReports,EarlyEstablishGpuChannel,EstablishGpuChannelAsync --disable-features=CalculateNativeWinOcclusion,SpareRendererForSitePerProcess --variations-seed-version --vscode-window-config=vscode:9d8b21ef-cfc4-4c2c-a5a5-ea368167c8fb",/usr/share/vscodium/codium,/proc/4961/fdinfo
5021,codium,sleeping,1748139978.65,0.0,1.0324073214176548,30,44,jack,-8,"pionice(ioclass=<IOPriority.IOPRIO_CLASS_NONE: 0>, value=0)","/usr/share/vscodium/codium --type=renderer --enable-crash-reporter=83a8b34c-ad93-4caf-946b-a05888ac25c4,no_channel --user-data-dir=/home/jack/.config/VSCodium --standard-schemes=vscode-webview,vscode-file --enable-sandbox --secure-schemes=vscode-webview,vscode-file --cors-schemes=vscode-webview,vscode-file --fetch-schemes=vscode-webview,vscode-file --service-worker-schemes=vscode-webview --code-cache-schemes=vscode-webview,vscode-file --app-path=/usr/share/vscodium/resources/app --enable-sandbox --enable-blink-features=HighlightAPI --js-flags=--nodecommit_pooled_pages --disable-blink-features=FontMatchingCTMigration,StandardizedBrowserZoom, --lang=en-US --num-raster-threads=4 --enable-main-frame-before-activation --renderer-client-id=5 --time-ticks-at-unix-epoch=-1748139798599823 --launch-time-ticks=180650260 --shared-files=v8_context_snapshot_data:100 --field-trial-handle=3,i,17978837922271611604,5895793445154612749,262144 --enable-features=DocumentPolicyIncludeJSCallStacksInCrashReports,EarlyEstablishGpuChannel,EstablishGpuChannelAsync --disable-features=CalculateNativeWinOcclusion,SpareRendererForSitePerProcess --variations-seed-version --vscode-window-config=vscode:8de5c4e4-ecf1-4086-a9ce-1143262620a0",/usr/share/vscodium/codium,/proc/4961/fdinfo
5126,codium,sleeping,1748139980.43,0.0,0.5138542612141082,16,48,jack,0,"pionice(ioclass=<IOPriority.IOPRIO_CLASS_NONE: 0>, value=0)","/usr/share/vscodium/codium --type=utility --utility-sub-type=node.mojom.NodeService --lang=en-US --service-sandbox-type=none --dns-result-order=ipv4first --inspect-port=0 --enable-crash-reporter=83a8b34c-ad93-4caf-946b-a05888ac25c4,no_channel --user-data-dir=/home/jack/.config/VSCodium --standard-schemes=vscode-webview,vscode-file --enable-sandbox --secure-schemes=vscode-webview,vscode-file --cors-schemes=vscode-webview,vscode-file --fetch-schemes=vscode-webview,vscode-file --service-worker-schemes=vscode-webview --code-cache-schemes=vscode-webview,vscode-file --shared-files=v8_context_snapshot_data:100 --field-trial-handle=3,i,17978837922271611604,5895793445154612749,262144 --enable-features=DocumentPolicyIncludeJSCallStacksInCrashReports,EarlyEstablishGpuChannel,EstablishGpuChannelAsync --disable-features=CalculateNativeWinOcclusion,SpareRendererForSitePerProcess --variations-seed-version",/usr/share/vscodium/codium,/home/jack
5128,codium,sleeping,1748139980.43,0.0,0.4707778369706179,16,47,jack,0,"pionice(ioclass=<IOPriority.IOPRIO_CLASS_NONE: 0>, value=0)","/usr/share/vscodium/codium --type=utility --utility-sub-type=node.mojom.NodeService --lang=en-US --service-sandbox-type=none --dns-result-order=ipv4first --inspect-port=0 --enable-crash-reporter=83a8b34c-ad93-4caf-946b-a05888ac25c4,no_channel --user-data-dir=/home/jack/.config/VSCodium --standard-schemes=vscode-webview,vscode-file --enable-sandbox --secure-schemes=vscode-webview,vscode-file --cors-schemes=vscode-webview,vscode-file --fetch-schemes=vscode-webview,vscode-file --service-worker-schemes=vscode-webview --code-cache-schemes=vscode-webview,vscode-file --shared-files=v8_context_snapshot_data:100 --field-trial-handle=3,i,17978837922271611604,5895793445154612749,262144 --enable-features=DocumentPolicyIncludeJSCallStacksInCrashReports,EarlyEstablishGpuChannel,EstablishGpuChannelAsync --disable-features=CalculateNativeWinOcclusion,SpareRendererForSitePerProcess --variations-seed-version",/usr/share/vscodium/codium,/home/jack
5152,codium,sleeping,1748139980.46,0.0,0.37869613740272284,16,39,jack,0,"pionice(ioclass=<IOPriority.IOPRIO_CLASS_NONE: 0>, value=0)","/usr/share/vscodium/codium --type=utility --utility-sub-type=node.mojom.NodeService --lang=en-US --service-sandbox-type=none --enable-crash-reporter=83a8b34c-ad93-4caf-946b-a05888ac25c4,no_channel --user-data-dir=/home/jack/.config/VSCodium --standard-schemes=vscode-webview,vscode-file --enable-sandbox --secure-schemes=vscode-webview,vscode-file --cors-schemes=vscode-webview,vscode-file --fetch-schemes=vscode-webview,vscode-file --service-worker-schemes=vscode-webview --code-cache-schemes=vscode-webview,vscode-file --shared-files=v8_context_snapshot_data:100 --field-trial-handle=3,i,17978837922271611604,5895793445154612749,262144 --enable-features=DocumentPolicyIncludeJSCallStacksInCrashReports,EarlyEstablishGpuChannel,EstablishGpuChannelAsync --disable-features=CalculateNativeWinOcclusion,SpareRendererForSitePerProcess --variations-seed-version",/usr/share/vscodium/codium,/home/jack
5154,codium,sleeping,1748139980.47,0.0,0.3674657618075468,18,41,jack,0,"pionice(ioclass=<IOPriority.IOPRIO_CLASS_NONE: 0>, value=0)","/usr/share/vscodium/codium --type=utility --utility-sub-type=node.mojom.NodeService --lang=en-US --service-sandbox-type=none --enable-crash-reporter=83a8b34c-ad93-4caf-946b-a05888ac25c4,no_channel --user-data-dir=/home/jack/.config/VSCodium --standard-schemes=vscode-webview,vscode-file --enable-sandbox --secure-schemes=vscode-webview,vscode-file --cors-schemes=vscode-webview,vscode-file --fetch-schemes=vscode-webview,vscode-file --service-worker-schemes=vscode-webview --code-cache-schemes=vscode-webview,vscode-file --shared-files=v8_context_snapshot_data:100 --field-trial-handle=3,i,17978837922271611604,5895793445154612749,262144 --enable-features=DocumentPolicyIncludeJSCallStacksInCrashReports,EarlyEstablishGpuChannel,EstablishGpuChannelAsync --disable-features=CalculateNativeWinOcclusion,SpareRendererForSitePerProcess --variations-seed-version",/usr/share/vscodium/codium,/home/jack
5168,codium,sleeping,1748139980.49,0.0,0.34913798564455406,18,41,jack,0,"pionice(ioclass=<IOPriority.IOPRIO_CLASS_NONE: 0>, value=0)","/usr/share/vscodium/codium --type=utility --utility-sub-type=node.mojom.NodeService --lang=en-US --service-sandbox-type=none --enable-crash-reporter=83a8b34c-ad93-4caf-946b-a05888ac25c4,no_channel --user-data-dir=/home/jack/.config/VSCodium --standard-schemes=vscode-webview,vscode-file --enable-sandbox --secure-schemes=vscode-webview,vscode-file --cors-schemes=vscode-webview,vscode-file --fetch-schemes=vscode-webview,vscode-file --service-worker-schemes=vscode-webview --code-cache-schemes=vscode-webview,vscode-file --shared-files=v8_context_snapshot_data:100 --field-trial-handle=3,i,17978837922271611604,5895793445154612749,262144 --enable-features=DocumentPolicyIncludeJSCallStacksInCrashReports,EarlyEstablishGpuChannel,EstablishGpuChannelAsync --disable-features=CalculateNativeWinOcclusion,SpareRendererForSitePerProcess --variations-seed-version",/usr/share/vscodium/codium,/home/jack
5257,codium,sleeping,1748139981.03,0.0,0.2974880983234759,8,26,jack,0,"pionice(ioclass=<IOPriority.IOPRIO_CLASS_NONE: 0>, value=0)",/usr/share/vscodium/codium /usr/share/vscodium/resources/app/extensions/markdown-language-features/dist/serverWorkerMain --node-ipc --clientProcessId=5128,/usr/share/vscodium/codium,/home/jack/code/LinuxSecuritySystem
5266,signal-desktop,sleeping,1748139981.11,0.0,0.9509409713991979,49,139,jack,-8,"pionice(ioclass=<IOPriority.IOPRIO_CLASS_NONE: 0>, value=0)",signal-desktop --,/usr/lib/signal-desktop/signal-desktop,/home/jack
5273,signal-desktop,sleeping,1748139981.2,0.0,0.181752497036497,1,12,jack,0,"pionice(ioclass=<IOPriority.IOPRIO_CLASS_NONE: 0>, value=0)",/usr/lib/signal-desktop/signal-desktop --type=zygote --no-zygote-sandbox,/usr/lib/signal-desktop/signal-desktop,/home/jack
5274,codium,sleeping,1748139981.2,0.0,0.2636370647660558,8,26,jack,0,"pionice(ioclass=<IOPriority.IOPRIO_CLASS_NONE: 0>, value=0)",/usr/share/vscodium/codium /usr/share/vscodium/resources/app/extensions/json-language-features/server/dist/node/jsonServerMain --node-ipc --clientProcessId=5126,/usr/share/vscodium/codium,/home/jack/code/LinuxProcessesScanning
5275,signal-desktop,sleeping,1748139981.2,0.0,0.18322855954626824,1,12,jack,0,"pionice(ioclass=<IOPriority.IOPRIO_CLASS_NONE: 0>, value=0)",/usr/lib/signal-desktop/signal-desktop --type=zygote,/usr/lib/signal-desktop/signal-desktop,/proc/5289/fdinfo
5290,signal-desktop,sleeping,1748139981.24,0.0,0.03874664088149469,1,13,jack,0,"pionice(ioclass=<IOPriority.IOPRIO_CLASS_NONE: 0>, value=0)",/usr/lib/signal-desktop/signal-desktop --type=zygote,/usr/lib/signal-desktop/signal-desktop,/proc/5289/fdinfo
5377,signal-desktop,sleeping,1748139981.85,0.0,0.5608299505875775,28,43,jack,-8,"pionice(ioclass=<IOPriority.IOPRIO_CLASS_NONE: 0>, value=0)",/usr/lib/signal-desktop/signal-desktop --type=zygote --no-zygote-sandbox,/usr/lib/signal-desktop/signal-desktop,/home/jack
5386,signal-desktop,sleeping,1748139981.88,0.0,0.23256594893537147,9,18,jack,0,"pionice(ioclass=<IOPriority.IOPRIO_CLASS_NONE: 0>, value=0)","/proc/self/exe --type=utility --utility-sub-type=network.mojom.NetworkService --lang=en-US --service-sandbox-type=none --enable-crash-reporter=c472a4a3-d410-442f-bafc-7b70c9919320,no_channel --user-data-dir=/home/jack/.config/Signal --standard-schemes=attachment --fetch-schemes=attachment --streaming-schemes=attachment --shared-files=v8_context_snapshot_data:100 --field-trial-handle=3,i,11426828810778691450,602985319303946719,262144 --enable-features=PdfUseShowSaveFilePicker --disable-features=HardwareMediaKeyHandling,SpareRendererForSitePerProcess --variations-seed-version",/usr/lib/signal-desktop/signal-desktop,/home/jack
5427,signal-desktop,sleeping,1748139982.06,0.0,1.0976246833077135,56,62,jack,-8,"pionice(ioclass=<IOPriority.IOPRIO_CLASS_NONE: 0>, value=0)","/proc/self/exe --type=renderer --enable-crash-reporter=c472a4a3-d410-442f-bafc-7b70c9919320,no_channel --user-data-dir=/home/jack/.config/Signal --standard-schemes=attachment --fetch-schemes=attachment --streaming-schemes=attachment --app-path=/usr/lib/signal-desktop/resources/app.asar --no-sandbox --no-zygote --disable-gpu-compositing --lang=en-US --num-raster-threads=4 --enable-main-frame-before-activation --renderer-client-id=4 --time-ticks-at-unix-epoch=-1748139798599823 --launch-time-ticks=184066606 --shared-files=v8_context_snapshot_data:100 --field-trial-handle=3,i,11426828810778691450,602985319303946719,262144 --enable-features=PdfUseShowSaveFilePicker --disable-features=HardwareMediaKeyHandling,SpareRendererForSitePerProcess --variations-seed-version",/usr/lib/signal-desktop/signal-desktop,/home/jack
5830,footclient,sleeping,1748140072.24,0.0,0.004612695343035082,1,4,jack,0,"pionice(ioclass=<IOPriority.IOPRIO_CLASS_NONE: 0>, value=0)",footclient,/usr/bin/footclient,/home/jack
5831,fish,sleeping,1748140072.26,0.0,0.039152558071681776,3,7,jack,0,"pionice(ioclass=<IOPriority.IOPRIO_CLASS_NONE: 0>, value=0)",/bin/fish,/usr/bin/fish,/home/jack/code/LinuxProcessesScanning
22310,Isolated Web Co,sleeping,1748141921.71,0.0,0.9229572863181182,28,51,jack,0,"pionice(ioclass=<IOPriority.IOPRIO_CLASS_NONE: 0>, value=0)",/usr/lib/librewolf/librewolf -contentproc -isForBrowser -prefsHandle 0:35034 -prefMapHandle 1:269701 -jsInitHandle 2:247720 -parentBuildID 20250518144025 -sandboxReporter 3 -chrootClient 4 -ipcHandle 5 -initialChannelId {c56dde11-eafc-4d24-a38d-edbc4c300bc5} -parentPid 2984 -greomni /usr/lib/librewolf/omni.ja -appomni /usr/lib/librewolf/browser/omni.ja -appDir /usr/lib/librewolf/browser 64 tab,/usr/lib/librewolf/librewolf,/proc/22313/fdinfo
22594,gvfsd-metadata,sleeping,1748142005.23,0.0,0.023826109011890546,4,9,jack,0,"pionice(ioclass=<IOPriority.IOPRIO_CLASS_NONE: 0>, value=0)",/usr/lib/gvfsd-metadata,/usr/lib/gvfsd-metadata,/home/jack
25650,Isolated Web Co,sleeping,1748142832.28,0.0,0.9215058248501766,28,52,jack,0,"pionice(ioclass=<IOPriority.IOPRIO_CLASS_NONE: 0>, value=0)",/usr/lib/librewolf/librewolf -contentproc -isForBrowser -prefsHandle 0:35138 -prefMapHandle 1:269701 -jsInitHandle 2:247720 -parentBuildID 20250518144025 -sandboxReporter 3 -chrootClient 4 -ipcHandle 5 -initialChannelId {b9216d47-3892-4a22-822d-b0169ae6bff9} -parentPid 2984 -greomni /usr/lib/librewolf/omni.ja -appomni /usr/lib/librewolf/browser/omni.ja -appDir /usr/lib/librewolf/browser 93 tab,/usr/lib/librewolf/librewolf,/proc/25652/fdinfo
25893,Isolated Web Co,sleeping,1748142909.08,0.0,0.7148201719194607,28,51,jack,0,"pionice(ioclass=<IOPriority.IOPRIO_CLASS_NONE: 0>, value=0)",/usr/lib/librewolf/librewolf -contentproc -isForBrowser -prefsHandle 0:35138 -prefMapHandle 1:269701 -jsInitHandle 2:247720 -parentBuildID 20250518144025 -sandboxReporter 3 -chrootClient 4 -ipcHandle 5 -initialChannelId {80892363-fd8b-495b-b14e-e15a0b636c8a} -parentPid 2984 -greomni /usr/lib/librewolf/omni.ja -appomni /usr/lib/librewolf/browser/omni.ja -appDir /usr/lib/librewolf/browser 95 tab,/usr/lib/librewolf/librewolf,/proc/25895/fdinfo
26013,Isolated Web Co,sleeping,1748142925.42,0.0,0.6923717212500232,27,51,jack,0,"pionice(ioclass=<IOPriority.IOPRIO_CLASS_NONE: 0>, value=0)",/usr/lib/librewolf/librewolf -contentproc -isForBrowser -prefsHandle 0:35138 -prefMapHandle 1:269701 -jsInitHandle 2:247720 -parentBuildID 20250518144025 -sandboxReporter 3 -chrootClient 4 -ipcHandle 5 -initialChannelId {f48ee821-c027-4ba1-8b8c-da595dc5943b} -parentPid 2984 -greomni /usr/lib/librewolf/omni.ja -appomni /usr/lib/librewolf/browser/omni.ja -appDir /usr/lib/librewolf/browser 96 tab,/usr/lib/librewolf/librewolf,/proc/26015/fdinfo
26570,Isolated Web Co,sleeping,1748143147.94,0.0,0.7862615973923879,27,51,jack,0,"pionice(ioclass=<IOPriority.IOPRIO_CLASS_NONE: 0>, value=0)",/usr/lib/librewolf/librewolf -contentproc -isForBrowser -prefsHandle 0:35138 -prefMapHandle 1:269701 -jsInitHandle 2:247720 -parentBuildID 20250518144025 -sandboxReporter 3 -chrootClient 4 -ipcHandle 5 -initialChannelId {43aabf00-1a32-4ddc-856c-a76c20189257} -parentPid 2984 -greomni /usr/lib/librewolf/omni.ja -appomni /usr/lib/librewolf/browser/omni.ja -appDir /usr/lib/librewolf/browser 101 tab,/usr/lib/librewolf/librewolf,/proc/26572/fdinfo
27136,Isolated Web Co,sleeping,1748143427.57,0.0,0.5078147054449609,27,49,jack,0,"pionice(ioclass=<IOPriority.IOPRIO_CLASS_NONE: 0>, value=0)",/usr/lib/librewolf/librewolf -contentproc -isForBrowser -prefsHandle 0:35138 -prefMapHandle 1:269701 -jsInitHandle 2:247720 -parentBuildID 20250518144025 -sandboxReporter 3 -chrootClient 4 -ipcHandle 5 -initialChannelId {76b0fe28-b090-4c63-81ee-84f5cdad7294} -parentPid 2984 -greomni /usr/lib/librewolf/omni.ja -appomni /usr/lib/librewolf/browser/omni.ja -appDir /usr/lib/librewolf/browser 104 tab,/usr/lib/librewolf/librewolf,/proc/27137/fdinfo
27552,Isolated Web Co,sleeping,1748143512.5,0.0,0.8413925321323432,28,51,jack,0,"pionice(ioclass=<IOPriority.IOPRIO_CLASS_NONE: 0>, value=0)",/usr/lib/librewolf/librewolf -contentproc -isForBrowser -prefsHandle 0:35138 -prefMapHandle 1:269701 -jsInitHandle 2:247720 -parentBuildID 20250518144025 -sandboxReporter 3 -chrootClient 4 -ipcHandle 5 -initialChannelId {f1937465-12c9-4586-b020-b33ad932a497} -parentPid 2984 -greomni /usr/lib/librewolf/omni.ja -appomni /usr/lib/librewolf/browser/omni.ja -appDir /usr/lib/librewolf/browser 108 tab,/usr/lib/librewolf/librewolf,/proc/27554/fdinfo
27620,footclient,sleeping,1748143539.71,0.0,0.0039730682554675505,1,4,jack,0,"pionice(ioclass=<IOPriority.IOPRIO_CLASS_NONE: 0>, value=0)",footclient,/usr/bin/footclient,/home/jack
27621,fish,sleeping,1748143539.71,0.0,0.038943449216130854,1,7,jack,0,"pionice(ioclass=<IOPriority.IOPRIO_CLASS_NONE: 0>, value=0)",/bin/fish,/usr/bin/fish,/home/jack
28547,Isolated Web Co,sleeping,1748143751.98,0.0,0.5487385385283682,27,51,jack,0,"pionice(ioclass=<IOPriority.IOPRIO_CLASS_NONE: 0>, value=0)",/usr/lib/librewolf/librewolf -contentproc -isForBrowser -prefsHandle 0:35138 -prefMapHandle 1:269701 -jsInitHandle 2:247720 -parentBuildID 20250518144025 -sandboxReporter 3 -chrootClient 4 -ipcHandle 5 -initialChannelId {e241dd0b-335d-42be-aa73-bb18db3286d5} -parentPid 2984 -greomni /usr/lib/librewolf/omni.ja -appomni /usr/lib/librewolf/browser/omni.ja -appDir /usr/lib/librewolf/browser 113 tab,/usr/lib/librewolf/librewolf,/proc/28549/fdinfo
29998,python3,sleeping,1748144110.36,0.0,0.052904540454383704,1,5,jack,0,"pionice(ioclass=<IOPriority.IOPRIO_CLASS_NONE: 0>, value=0)",python3,/usr/bin/python3.13,/home/jack
30731,Web Content,sleeping,1748144355.49,0.0,0.287377070131543,19,41,jack,0,"pionice(ioclass=<IOPriority.IOPRIO_CLASS_NONE: 0>, value=0)",/usr/lib/librewolf/librewolf -contentproc -isForBrowser -prefsHandle 0:35138 -prefMapHandle 1:269701 -jsInitHandle 2:247720 -parentBuildID 20250518144025 -sandboxReporter 3 -chrootClient 4 -ipcHandle 5 -initialChannelId {22341fe7-35b2-465f-abd2-9a94be29b1d3} -parentPid 2984 -greomni /usr/lib/librewolf/omni.ja -appomni /usr/lib/librewolf/browser/omni.ja -appDir /usr/lib/librewolf/browser 122 tab,/usr/lib/librewolf/librewolf,/proc/30733/fdinfo
30817,Web Content,sleeping,1748144390.47,0.0,0.28093159717220867,19,41,jack,0,"pionice(ioclass=<IOPriority.IOPRIO_CLASS_NONE: 0>, value=0)",/usr/lib/librewolf/librewolf -contentproc -isForBrowser -prefsHandle 0:35138 -prefMapHandle 1:269701 -jsInitHandle 2:247720 -parentBuildID 20250518144025 -sandboxReporter 3 -chrootClient 4 -ipcHandle 5 -initialChannelId {66e18b22-a9de-4f6f-818c-10f1908a367d} -parentPid 2984 -greomni /usr/lib/librewolf/omni.ja -appomni /usr/lib/librewolf/browser/omni.ja -appDir /usr/lib/librewolf/browser 123 tab,/usr/lib/librewolf/librewolf,/proc/30819/fdinfo
31002,Web Content,sleeping,1748144470.18,0.0,0.2806609857120839,19,41,jack,0,"pionice(ioclass=<IOPriority.IOPRIO_CLASS_NONE: 0>, value=0)",/usr/lib/librewolf/librewolf -contentproc -isForBrowser -prefsHandle 0:35138 -prefMapHandle 1:269701 -jsInitHandle 2:247720 -parentBuildID 20250518144025 -sandboxReporter 3 -chrootClient 4 -ipcHandle 5 -initialChannelId {2dfbae4e-18b8-4736-a8fe-8f3d605d21e2} -parentPid 2984 -greomni /usr/lib/librewolf/omni.ja -appomni /usr/lib/librewolf/browser/omni.ja -appDir /usr/lib/librewolf/browser 124 tab,/usr/lib/librewolf/librewolf,/proc/31004/fdinfo
31232,python3,running,1748144527.19,0.0,0.04661897426694123,1,5,jack,0,"pionice(ioclass=<IOPriority.IOPRIO_CLASS_NONE: 0>, value=0)",python3 create_dataset.py,/usr/bin/python3.13,/home/jack/code/LinuxProcessesScanning
